product_id,category,name
1,things,ring
2,instru,Trombone
3,things,bottle
4,things,rug
5,clothes,Tights
6,flowers,Day Lily
7,flowers,Broom
8,things,charger
9,things,truck
10,clothes,Fleece
11,things,watch
12,instru,Piccolo
13,flowers,Grape Hyacinth
14,clothes,Gown
15,flowers,Aster
16,flowers,Rose of Sharon
17,things,flowers
18,clothes,Waistcoat
19,flowers,New Guinea impatien
20,things,headphones
21,flowers,Bellflower
22,clothes,Shorts
23,things,blanket
24,clothes,Sunglasses
25,instru,Flute
26,flowers,Primrose
27,things,ipod
28,things,plastic fork
29,flowers,Crocus
30,things,candle
31,things,carrots
32,instru,Snare Drum
33,flowers,Impatien
34,clothes,Blouse
35,flowers,Geranium
36,clothes,Top
37,clothes,Tie
38,flowers,Gas Plant
39,flowers,Trumpet Vine
40,flowers,Dahlia
41,flowers,Astilbe
42,flowers,Camellia
43,flowers,Butterfly Bush
44,flowers,Yarrow
45,flowers,Chrysanthemum
46,flowers,Coreopsis
47,things,purse
48,instru,Bamboo Flute
49,flowers,Lamium
50,things,eraser
51,things,mirror
52,instru,Oboe
53,things,cat
54,flowers,Lily-of-the-Valley
55,instru,Violin
56,clothes,Shawl
57,flowers,Nicotiana
58,flowers,Morning Glory
59,clothes,Briefs
60,flowers,Snap Dragon
61,flowers,Salvia
62,things,eye liner
63,flowers,Passion Flower
64,flowers,Coneflower
65,things,needle
66,instru,Symbols
67,flowers,Allium
68,things,hanger
69,flowers,Globeflower
70,instru,Piano
71,things,nail file
72,things,lip gloss
73,flowers,Sedum
74,instru,Maracas
75,instru,Tambourine
76,flowers,Cosmos
77,clothes,Suit
78,clothes,Swimming Shorts
79,things,washing machine
80,clothes,Poncho
81,things,lamp
82,flowers,Hybrid Tea Roses
83,clothes,Bra
84,things,blouse
85,things,checkbook
86,things,mop
87,flowers,Moon Flower
88,things,greeting card
89,instru,French Horn
90,clothes,Tankini
91,things,CD
92,flowers,Snowball bush
93,things,paint brush
94,flowers,Honeysuckle
95,flowers,Kerria
96,clothes,Overalls
97,flowers,Shasta Daisy
98,flowers,Lavender
99,things,thread
100,flowers,Hardy Geranium
101,things,cork
102,things,bread
103,flowers,Wisteria
104,flowers,Loosestrife
105,things,shirt
106,flowers,Marigold
107,clothes,Polo Shirt
108,flowers,Hyacinth
109,flowers,Lobelia
110,flowers,Gladiolus
111,instru,Turntables
112,things,apple
113,flowers,Hosta
114,flowers,Jupiterâ€™s Beard
115,instru,Bagpipes
116,clothes,Jacket
117,clothes,Kilt
118,things,chapter book
119,flowers,Bougainvillea
120,things,box
121,instru,Steel Pan
122,instru,Drums
123,things,glass
124,things,vase
125,instru,Harmonica
126,clothes,Bow Tie
127,things,chair
128,clothes,Pajamas
129,things,shovel
130,instru,Crystal Glasses
131,things,toilet
132,clothes,Shoes
133,things,knife
134,flowers,Alyssum
135,instru,Kazoo
136,things,television
137,things,money
138,flowers,Balloon Flower
139,clothes,Jogging Suit
140,clothes,Sarong
141,flowers,Narcissus
142,flowers,Hollyhock
143,things,chocolate
144,clothes,Bikini
145,things,sailboat
146,things,floor
147,things,hair brush
148,instru,Acoustic Guitar
149,flowers,Iris
150,instru,Harp
151,things,doll
152,things,socks
153,things,pen
154,flowers,Coral Bells
155,flowers,Mock Orange
156,flowers,Scabiosa
157,things,buckle
158,instru,Whistle
159,flowers,Catmint
160,clothes,Boxers
161,flowers,Vinca
162,clothes,Scarf
163,things,pants
164,flowers,Cyclamen
165,things,screw
166,clothes,Cravat
167,instru,Recorder
168,things,scotch tape
169,flowers,Pinks
170,flowers,Poppy
171,clothes,Tracksuit
172,flowers,Snowdrops
173,flowers,Petunias
174,instru,Vibraphone
175,flowers,Gayfeather
176,things,stockings
177,flowers,Anemone
178,clothes,Belt
179,instru,Voice
180,instru,Cowbell
181,instru,Viola
182,clothes,Lingerie
183,instru,Saxophone
184,instru,Accordion
185,instru,Clarinet
186,clothes,Jeans
187,things,coasters
188,things,deodorant
189,things,soy sauce packet
190,things,zipper
191,flowers,Shrub Roses
192,things,spoon
193,flowers,Blanketflower
194,instru,Tuba
195,things,toe ring
196,clothes,T-Shirt
197,things,camera
198,things,boom box
199,clothes,Sandals
200,flowers,Larkspur
201,things,mp3 player
202,flowers,Clematis
203,things,glow stick
204,clothes,Dress
205,things,book
206,flowers,Delphinium
207,instru,Bongos
208,clothes,Sweatshirt
209,instru,Spoons
210,instru,Ukulele
211,flowers,Bee Balm
212,things,keyboard
213,things,piano
214,things,helmet
215,instru,Xylophone
216,clothes,Socks
217,instru,Trumpet
218,things,window
219,instru,Bells
220,clothes,Gloves
221,flowers,Nasturtium
222,clothes,Camisole
223,instru,Bass Guitar
224,things,flag
225,instru,Stylophone
226,instru,Shakers
227,things,toothbrush
228,flowers,Scilla
229,things,house
230,clothes,Coat
231,things,shampoo
232,flowers,Peony
233,clothes,Nightgown
234,flowers,Lilac
235,flowers,Oleander
236,flowers,Tulip
237,clothes,Dinner Jacket
238,things,rusty nail
239,clothes,Corset
240,things,food
241,clothes,Robe
242,instru,Organ
243,clothes,Hoody
244,things,beef
245,flowers,Bleeding Heart
246,things,paper
247,clothes,Slippers
248,clothes,Cargos
249,flowers,Foxglove
250,things,tooth picks
251,flowers,Butterfly Weed
252,things,rubber band
253,instru,Ocarina
254,things,car
255,clothes,Boots
256,things,controller
257,things,model car
258,flowers,Lantana
259,things,rubber duck
260,clothes,Skirt
261,clothes,Cardigan
262,clothes,Stockings
263,instru,Triangle
264,instru,Steel Drums
265,clothes,Underwear
266,things,drawer
267,things,shoes
268,things,sponge
269,things,bottle cap
270,flowers,Bachelor Button
271,things,drill press
272,instru,Banjo
273,flowers,Artemisia
274,things,button
275,instru,Vocals
276,clothes,Shirt
277,instru,Wooden Flute
278,flowers,Rhododendron
279,things,bowl
280,instru,Slide Whistle
281,things,conditioner
282,clothes,Knickers
283,things,shoe lace
284,instru,Keyboard
285,flowers,Columbine
286,clothes,Thong
287,instru,Guitar
288,flowers,Lupine
289,flowers,Sweet Pea
290,clothes,Cummerbund
291,clothes,Cufflinks
292,flowers,Silver Lace Vine
293,clothes,Blazer
294,clothes,Hat
295,things,perfume
296,instru,Zither
297,flowers,Hydrangea
298,things,credit card
299,clothes,Swimwear
300,things,newspaper
301,things,fridge
302,instru,Fiddle
303,flowers,Pansy
304,things,towel
